{"Annual Carbon Saved": 8289156.718604505, "Trees Saved": 380.7185573755996}