{"6": {"distance": 34746.7, "load": 44.0, "label": "Evening", "emissions": 8722.585019516}, "7": {"distance": 40671.7, "load": 45.0, "label": "Morning", "emissions": 10209.958388516}, "8": {"distance": 23392.1, "load": 50.0, "label": "Morning", "emissions": 5872.200267507999}, "11": {"distance": 31973, "load": 50.0, "label": "Evening", "emissions": 8026.29345604}}